,,,,,,,,,
,Item Sales Report (Outlet Name: Back Street Bassac),,,,,,,,
,Date From: 2025-12-01 06:00:00,,,,,,,,
,Date To: 2026-01-01 05:59:59,,,,,,,,
,"Generated Date: January 2, 2026, 2:21 PM",,,,,,,,
,,,,,,,,,
,Item Sales Report,,,,,,,,
,Category,Item Name,Dec 2025,Price,Discount,Bill Discount,Cost,Total Sales,Category Total
,Draft & Bottles,Cambodia Draft,2642,3896.5,17.1,49.4,0,3963,12630.75
,Draft & Bottles,Cambodia Draft - HH,962,716.6247,3.75,1.1253,0,721.5,
,Draft & Bottles,Cambodia Jug,131,713.45,1,6.05,0,720.5,
,Draft & Bottles,Cambodia Jug - HH,12,48,0,0,0,48,
,Draft & Bottles,Cambodia Tower,342,3316.5,8,95.5,0,3420,
,Draft & Bottles,Cambodia Tower - HH,32,256,0,0,0,256,
,Draft & Bottles,Cambodia Bottle,202,438,2,8,0,448,
,Draft & Bottles,Angkor Bottle,188,453.7308,0.5,15.7692,0,470,
,Draft & Bottles,Anchor Bottle,2,4,0,0,0,4,
,Draft & Bottles,Hanuman Bottle,125,299,1,12.5,0,312.5,
,Draft & Bottles,Hanuman Black Bottle,26,72.6,0,5.4,0,78,
,Draft & Bottles,Singha Bottle,17,41,9,1,0,51,
,Draft & Bottles,Somersby,89,332.6237,0,1.1263,0,333.75,
,Draft & Bottles,Heineken,105,367.5,0,0,0,367.5,
,Draft & Bottles,Corona,94,423,0,0,0,423,
,Draft & Bottles,Tiger Bottle,62,186,0,0,0,186,
,Draft & Bottles,Tiger Crystal Bottle,84,251.4,0,0.6,0,252,
,Draft & Bottles,Hoegaarden Wheat,18,78.75,0,2.25,0,81,
,Draft & Bottles,Hoegaarden Rose,19,85.5,0,0,0,85.5,
,Draft & Bottles,Vattanac Premium,26,70.8,0,7.2,0,78,
,Draft & Bottles,Vattanac Premium Light,50,139.1978,0,10.8022,0,150,
,Draft & Bottles,ABC,39,158.8492,0,16.6508,0,175.5,
,Draft & Bottles,Blanc,0,0,0,0,0,0,
,Draft & Bottles,Carlsberg Bottle,0,0,0,0,0,0,
,Draft & Bottles,Guinness,0,0,0,0,0,0,
,Draft & Bottles,Prince Craft Beer,0,0,0,0,0,0,
,Draft & Bottles,Cambodia Light Bottle,2,6,0,0,0,6,
,Craft Beers,Gancore IPA,19,86.25,0,0,0,86.25,365.25
,Craft Beers,Smiling Evil,14,63,0,0,0,63,
,Craft Beers,Lemongrass Kolsch,9,40.5,0,0,0,40.5,
,Craft Beers,Redbus,4,18,0,0,0,18,
,Craft Beers,Seven Days,3,13.5,0,0,0,13.5,
,Craft Beers,Tuktuk,8,36,0,0,0,36,
,Craft Beers,Coconut Cream Ale,17,76.5,0,0,0,76.5,
,Craft Beers,Chocolate STOUT,0,0,0,0,0,0,
,Craft Beers,The Dark side,7,31.5,0,0,0,31.5,
,Wines,VINA maipo Red,3,60,0,0,0,60,330
,Wines,VINA maipo White,9,174,0,6,0,180,
,Wines,Prosecco White Bottle,3,90,0,0,0,90,
,Wines,Prosecco Rose Bottle,0,0,0,0,0,0,
,Wines,Sangria 1LT,0,0,0,0,0,0,
,Wines,CharDon Red,0,0,0,0,0,0,
,Wine Glass,House White Wine Glass,69,276,0,0,0,276,548
,Wine Glass,House White Wine Glass - HH,26,77.4,0,0.6,0,78,
,Wine Glass,House Red Wine Glass,35,140,0,0,0,140,
,Wine Glass,House Red Wine Glass - HH,18,54,0,0,0,54,
,Spirits,Vodka shot cranberry,21,0,15,6,0,21,153
,Spirits,Fresh Coconut,44,124.5,0,7.5,0,132,
,Whiskey,Jim Beam White,33,99,0,0,0,99,1301
,Whiskey,Jim Beam White 1L Bottle,0,0,0,0,0,0,
,Whiskey,Makers Mark,3,12,0,0,0,12,
,Whiskey,Makers Mark 1L Bottle,0,0,0,0,0,0,
,Whiskey,Jack Daniels,131,473.8601,0,50.1399,0,524,
,Whiskey,Jack Daniels Bottle 1L,3,0,0,210,0,210,
,Whiskey,Ballantines,8,24,0,0,0,24,
,Whiskey,Ballantines 1L,0,0,0,0,0,0,
,Whiskey,Johnnie Walker Black Label,9,45,0,0,0,45,
,Whiskey,Johnnie Walker Black Label  1L,2,119,0,51,0,170,
,Whiskey,Johnnie Walker Black Label Set,0,0,0,0,0,0,
,Whiskey,Chivas Regal 12yo,3,15,0,0,0,15,
,Whiskey,Chivas Regal 12yo 1L,0,0,0,0,0,0,
,Whiskey,Jameson,30,101.85,0,3.15,0,105,
,Whiskey,Jameson 1L,0,0,0,0,0,0,
,Whiskey,Glenfiddich 12yo,16,57.75,0,30.25,0,88,
,Whiskey,Glenfiddich 12yo 1L,0,0,0,0,0,0,
,Whiskey,Glenfiddich 15yo,1,9,0,0,0,9,
,Whiskey,Glenfiddich 15yo 1L,0,0,0,0,0,0,
,Whiskey,Hennessy Vsop shot,0,0,0,0,0,0,
,Whiskey,Hennessy VSOP 70ml,0,0,0,0,0,0,
,Vodka,Stolichnaya,23,58.5,0,10.5,0,69,723.5
,Vodka,Stolichnaya Bottle,0,0,0,0,0,0,
,Vodka,T&T (Treid&True),1,3.5,0,0,0,3.5,
,Vodka,Absolut Blue,174,593.25,0,15.75,4611,609,
,Vodka,Absolut Blue 1L,0,0,0,0,0,0,
,Vodka,Absolut Vanilla,6,21,0,0,0,21,
,Vodka,Absolut Vanilla 1L,0,0,0,0,0,0,
,Vodka,Zubrowska,0,0,0,0,0,0,
,Vodka,Zubrowska Bottle,0,0,0,0,0,0,
,Vodka,Ketel One,0,0,0,0,0,0,
,Vodka,Ketel One 1L,0,0,0,0,0,0,
,Vodka,Belvedere,2,11,0,0,0,11,
,Vodka,Belvedere Bottle,0,0,0,0,0,0,
,Vodka,Seekers Mekong Vodka,2,10,0,0,0,10,
,Vodka,Seekers Mekong Vodka Bottle,0,0,0,0,0,0,
,Vodka,Grey Goose,0,0,0,0,0,0,
,Vodka,Grey Goose 1L,0,0,0,0,0,0,
,Vodka,SMIRNOFF vodka  orange,0,0,0,0,0,0,
,Gin,Beefeater,31,101.5,0,7,0,108.5,1100.5
,Gin,Beefeater 1L,0,0,0,0,0,0,
,Gin,Bombay  Sapphire Gin,174,689.9992,0,6.0008,0,696,
,Gin,Bombay  Sapphire Gin 1L,0,0,0,0,0,0,
,Gin,Widges,0,0,0,0,0,0,
,Gin,Seekers Jason Kong,0,0,0,0,0,0,
,Gin,Seekers Jason Kong Bottle,0,0,0,0,0,0,
,Gin,Seekers Mekong Dry,6,30,0,0,0,30,
,Gin,Seekers Mekong Dry Bottle,0,0,0,0,0,0,
,Gin,Seekers Gold Gin,4,20,0,0,0,20,
,Gin,Seekers Gold Gin Bottle,0,0,0,0,0,0,
,Gin,Hendricks,30,180,0,0,0,180,
,Gin,Hendricks 1L,0,0,0,0,0,0,
,Gin,Roku Japanese,11,66,0,0,0,66,
,Gin,Roku Japanese Bottle,0,0,0,0,0,0,
,Tequila,Jose Cuervo Gold,136,330.6,3,74.4,0,408,531
,Tequila,Jose Cuervo Gold 1L,0,0,0,0,0,0,
,Tequila,Jose Cuervo Silver,16,48,0,0,0,48,
,Tequila,Jose Cuervo Silver 1L,1,0,0,48,0,48,
,Tequila,SanJose Gold,0,0,0,0,0,0,
,Tequila,SanJose Gold Bottle,0,0,0,0,0,0,
,Tequila,Olmeca Gold,0,0,0,0,0,0,
,Tequila,PATRON silver 70cl,0,0,0,0,0,0,
,Tequila,PATRON gold 70cl,0,0,0,0,0,0,
,Tequila,PATRON silvor,3,27,0,0,0,27,
,Rum,Bacardi White,5,15,0,0,0,15,196
,Rum,Bacardi White 1L,0,0,0,0,0,0,
,Rum,Bacardi Black,2,6,0,0,0,6,
,Rum,Bacardi Black 1L,0,0,0,0,0,0,
,Rum,Plantation 3 Star,0,0,0,0,0,0,
,Rum,Plantation Dark,1,3.5,0,0,0,3.5,
,Rum,Captain Morgan Spiced,42,145.95,0,1.05,0,147,
,Rum,Captain Morgan Spiced 1L,0,0,0,0,0,0,
,Rum,Captain Morgan Black,3,10.5,0,0,0,10.5,
,Rum,Captain Morgan Black 1L,0,0,0,0,0,0,
,Rum,Havana Club 3 Anejo,4,14,0,0,0,14,
,Rum,Havana Club 3 Anejo Bottle,0,0,0,0,0,0,
,Rum,Bacardi Carta Oro,0,0,0,0,0,0,
,Aperitifs,Martini Bianco,2,6,0,0,0,6,63.5
,Aperitifs,Martini Extra Dry,0,0,0,0,0,0,
,Aperitifs,Martini Rosso,0,0,0,0,0,0,
,Aperitifs,Campari,1,3,0,0,0,3,
,Aperitifs,Aperol,0,0,0,0,0,0,
,Aperitifs,Pimms,0,0,0,0,0,0,
,Aperitifs,Pastis,12,30,0,0,0,30,
,Aperitifs,Ricard,7,24.5,0,0,0,24.5,
,Aperitifs,Cinzano Bianco,0,0,0,0,0,0,
,Aperitifs,Cinzano Extra Dry,0,0,0,0,0,0,
,Aperitifs,Cinzano Rosso,0,0,0,0,0,0,
,Liqueurs,Baileys,18,53.4,0,0.6,0,54,66.5
,Liqueurs,Malibu,2,6,0,0,0,6,
,Liqueurs,Kahlua,0,0,0,0,0,0,
,Liqueurs,Frangelico,0,0,0,0,0,0,
,Liqueurs,Limoncino,0,0,0,0,0,0,
,Liqueurs,Midori,1,3.5,0,0,0,3.5,
,Liqueurs,Grand Marnier,0,0,0,0,0,0,
,Liqueurs,Amaretto,1,3,0,0,0,3,
,Liqueurs,Dom Benedictine,0,0,0,0,0,0,
,Liqueurs,Triple Sec,0,0,0,0,0,0,
,Liqueurs,Seekers Coffee Liquer,0,0,0,0,0,0,
,Liqueurs,Watermelon liqueue,0,0,0,0,0,0,
,Liqueurs,MALIBU bottle,0,0,0,0,0,0,
,Shooters,JagerBomb,28,112,0,0,0,112,1050.5
,Shooters,Jagermeister,142,259.5,13.2,153.3,0,426,
,Shooters,Jaegermeister 1L,1,0,55,0,0,55,
,Shooters,Fireball,67,198,0,3,0,201,
,Shooters,Fireball 1L,0,0,0,0,0,0,
,Shooters,B-52,65,143.4,30,21.6,0,195,
,Shooters,Sambuca,9,31.5,0,0,0,31.5,
,Shooters,Sambuca Bottle,0,0,0,0,0,0,
,Shooters,Joss Shot,10,27,3,0,0,30,
,Shooters,Baby Guinness,0,0,0,0,0,0,
,Cocktails,Coronarita,0,0,0,0,0,0,0
,Cocktails,Thida's Mai Tai,34,172,15,0,0,187,3788.5
,Cocktails,Cuban Mojito,25,125,0,0,0,125,
,Cocktails,Cuban Mojito - CHH,6,18,0,0,0,18,
,Cocktails,Ameretto Sour,11,58,2.5,0,0,60.5,
,Cocktails,Ameretto Sour - CHH,2,6,0,0,0,6,
,Cocktails,Blue Margarita,25,130,7.5,0,0,137.5,
,Cocktails,Blue Margarita - CHH,5,15,0,0,0,15,
,Cocktails,Passion Margarita,56,287.5,15,5.5,0,308,
,Cocktails,Passion Margarita - CHH,1,3,0,0,0,3,
,Cocktails,Margarita,29,133,12,0,0,145,
,Cocktails,Margarita - CHH,5,15,0,0,0,15,
,Cocktails,Long Island Iced Tea,92,493.85,5,7.15,0,506,
,Cocktails,Sex on the Beach,7,34,0,1,0,35,
,Cocktails,Tequila Sunrise,10,55,0,0,0,55,
,Cocktails,Tequila Sunrise - CHH,9,27,0,0,0,27,
,Cocktails,Black Russian,1,3,3,0,0,6,
,Cocktails,White Russian,3,18,0,0,0,18,
,Cocktails,Aperol Spritz,38,190,0,0,0,190,
,Cocktails,Aperol Spritz - CHH,6,18,0,0,0,18,
,Cocktails,Caipirinha,32,160,0,0,0,160,
,Cocktails,Whiskey Sour,27,148.5,0,0,0,148.5,
,Cocktails,Pina Colado,52,251.5,8.5,0,0,260,
,Cocktails,Old Fashioned,5,27.5,0,0,0,27.5,
,Cocktails,Negroni,16,84,12,0,0,96,
,Cocktails,Manhattan,3,15,0,0,0,15,
,Cocktails,Passion Caipirinha,0,0,0,0,0,0,
,Cocktails,Passion Mojito,69,365.5,14,0,0,379.5,
,Cocktails,Passion Martini,2,10,0,0,0,10,
,Cocktails,Lychee Margarita,34,174.5,12.5,0,0,187,
,Cocktails,Lychee Mojito,0,0,0,0,0,0,
,Cocktails,Lychee Caipirinha,0,0,0,0,0,0,
,Cocktails,Singapore Sling,37,194.9,7.5,1.1,0,203.5,
,Cocktails,Cuba Libre,0,0,0,0,0,0,
,Cocktails,Mango Margarita,0,0,0,0,0,0,
,Cocktails,Frangelico Sour,0,0,0,0,0,0,
,Cocktails,Jager Mojito,0,0,0,0,0,0,
,Cocktails,Cosmopolitan,20,100,0,0,0,100,
,Cocktails,SOPHA’s  Whisper,6,30.8,0,2.2,0,33,
,Cocktails,SOPHA’s  Whisper - HH,2,6,0,0,0,6,
,Cocktails,Sangria,39,221.1,6,6.9,0,234,
,Cocktails,Sangria - CHH,16,48,0,0,0,48,
,Cocktails,MARTINI,1,3,2.5,0,0,5.5,
,Cocktails,Manhattan,0,0,0,0,0,0,
,1LT Cocktails,Long Island iced Tea 1lt,0,0,0,0,0,0,0
,1LT Cocktails,Thida's Mai Tai 1lt,0,0,0,0,0,0,
,1LT Cocktails,Blue Margarita 1lt,0,0,0,0,0,0,
,Seekers Cocktails,Lychee Martini,13,78,0,0,0,78,96
,Seekers Cocktails,Lychee Martini - CHH,6,18,0,0,0,18,
,Seekers Cocktails,Frontline,0,0,0,0,0,0,
,Seekers Cocktails,Seekers & Coco,0,0,0,0,0,0,
,Seekers Cocktails,Backstreet Sour,0,0,0,0,0,0,
,Seekers Cocktails,Tropical Kong,0,0,0,0,0,0,
,Seekers Cocktails,Espresso Martini,0,0,0,0,0,0,
,Seekers Cocktails,Run Kong Run,0,0,0,0,0,0,
,Seekers Cocktails,Dragon’s Heart,0,0,0,0,0,0,
,Seekers Cocktails,Going For Gold,0,0,0,0,0,0,
,Soft Drinks,Coca Cola,245,355.75,0,11.75,0,367.5,1850.25
,Soft Drinks,Coca Cola Light,22,31.5,0,1.5,0,33,
,Soft Drinks,Coca Zero,59,88.5,0,0,0,88.5,
,Soft Drinks,Kulen 500ml,523,495.2427,1.5,26.2573,0,523,
,Soft Drinks,Sprite,55,82.5,0,0,0,82.5,
,Soft Drinks,Soda Water,86,121.05,3,4.95,0,129,
,Soft Drinks,Tonic Water,7,10.5,0,0,0,10.5,
,Soft Drinks,Ginger Ale,48,69,0,3,0,72,
,Soft Drinks,Pocari Sweat,1,1.25,0,1.25,0,2.5,
,Soft Drinks,Redbull,30,51.9998,0,8.0002,0,60,
,Soft Drinks,Passion Soda,36,89,0,1,0,90,
,Soft Drinks,Lime & Soda,23,57.5,0,0,0,57.5,
,Soft Drinks,Fresh Watermelon Juice,78,212.5,6,15.5,0,234,
,Soft Drinks,Virgin Mojito,6,24,0,0,0,24,
,Soft Drinks,Virgin Colada,3,12,0,0,0,12,
,Soft Drinks,Watermelon Lemonade,0,0,0,0,0,0,
,Soft Drinks,Fresh Orange Juice,2,6,0,0,0,6,
,Soft Drinks,Orange Juice,10,20,0,0,0,20,
,Soft Drinks,Pineapple Juice,5,10,0,0,0,10,
,Soft Drinks,Apple Juice,5,10,0,0,0,10,
,Soft Drinks,Cranberry Juice,1,2,0,0,0,2,
,Soft Drinks,Lychee juice,0,0,0,0,0,0,
,Soft Drinks,Mango juice,1,2,0,0,0,2,
,Soft Drinks,STING,0,0,0,0,0,0,
,Soft Drinks,Cambodia CoCa,2,3,0,0,0,3,
,Soft Drinks,Water Kh,4,2.25,0,0,0,2.25,
,Soft Drinks,IZE,0,0,0,0,0,0,
,Soft Drinks,Wurkz,0,0,0,0,0,0,
,Soft Drinks,ExPrez,0,0,0,0,0,0,
,Soft Drinks,Fresh Coconut,3,9,0,0,0,9,
,Pizza,Margherita - Medium,3,17.25,0,0,0,17.25,3282.75
,Pizza,Margherita - Large,2,15,0,0,0,15,
,Pizza,Quattro Formaggi - Medium,12,89.5135,0,3.4865,0,93,
,Pizza,Quattro Formaggi - Large,11,107.25,0,0,0,107.25,
,Pizza,Pepperonni - Medium,94,726.5572,0,1.9428,0,728.5,
,Pizza,Pepperonni - Large,45,436.8,0,1.95,0,438.75,
,Pizza,Spinach & Feta - Medium,8,54,0,0,0,54,
,Pizza,Spinach & Feta - Large,2,17.5,0,0,0,17.5,
,Pizza,Vegetarian - Medium,13,87.75,0,0,0,87.75,
,Pizza,Vegetarian - Large,1,8.75,0,0,0,8.75,
,Pizza,Smoked Eggplant - Medium,1,6.0279,0,0.7221,0,6.75,
,Pizza,Smoked Eggplant - Large,1,8.75,0,0,0,8.75,
,Pizza,Beef & Smoked Capsicum - Medium,21,178.5,0,0,0,178.5,
,Pizza,Beef & Smoked Capsicum - Large,8,73.5,0,10.5,0,84,
,Pizza,Deluxe - Medium,13,110.5,0,0,0,110.5,
,Pizza,Deluxe - Large,6,63,0,0,0,63,
,Pizza,Seafood - Medium,48,452.675,0,3.325,0,456,
,Pizza,Seafood - Large,38,432,0,24,0,456,
,Pizza,Garlic Herb Chicken - Medium,0,0,0,0,0,0,
,Pizza,Garlic Herb Chicken - Large,0,0,0,0,0,0,
,Pizza,Sliced Pizza Pepperoni,12,15,0,0,0,15,
,Pizza,Sliced Pizza Margherita,2,2.5,0,0,0,2.5,
,Pizza,Sliced Pizza Veggy,0,0,0,0,0,0,
,Pizza,New York Cheese-Large,11,88,0,0,0,88,
,Pizza,New York Cheese-Medium,41,246,0,0,0,246,
,Pizza,Extra Pineapple,0,0,0,0,0,0,
,FOOD,Fried Rice Chicken,35,172.5,0,2.5,0,175,8802
,FOOD,Beef Fried Rice,43,212.5,0,2.5,0,215,
,FOOD,Fried Rice Seafood,71,340.9995,0,14.0005,0,355,
,FOOD,Papaya salad/Bok lahong,65,287.5186,0,4.9814,0,292.5,
,FOOD,Spaghetti Carbonara,54,268.7151,0,1.2849,0,270,
,FOOD,Chicken Burger,5,25,0,0,0,25,
,FOOD,Special Bok Lahong/ special papaya salad,112,840.4003,1.6,53.9997,0,896,
,FOOD,Rainbow Salad,6,27,0,0,0,27,
,FOOD,Caesar Salad,19,95,0,0,0,95,
,FOOD,Chicken &Cheese Quesadilla,23,126.5,0,0,0,126.5,
,FOOD,Beef Salad,40,235.2,0,4.8,0,240,
,FOOD,Mushroom &Cheese Quesadilla,5,25,0,0,0,25,
,FOOD,Edamame,51,175.525,0,2.975,0,178.5,
,FOOD,Phnom Mee Cha,0,0,0,0,0,0,
,FOOD,Fresh Spring Roll,0,0,0,0,0,0,
,FOOD,Tacos Chicken,86,129,0,0,0,129,
,FOOD,Chicken Lollypop,92,316.045,0,5.955,0,322,
,FOOD,Tacos Beef,140,207.8199,1.5,0.6801,0,210,
,FOOD,Fried Chicken Wings,81,282.9738,0,0.5262,0,283.5,
,FOOD,Tacos Cauliflower,5,7.5,0,0,0,7.5,
,FOOD,Mozzarella Sticks,53,184.4488,0,1.0512,0,185.5,
,FOOD,Tacos Shrimp,38,55.5,0,1.5,0,57,
,FOOD,Falafel Wrap,0,0,0,0,0,0,
,FOOD,Loaded Fries,10,51.71,0,0.79,0,52.5,
,FOOD,Cheesesteak Egg Rolls,20,86.175,0,3.825,0,90,
,FOOD,Beef LokLak With Rice,64,343.1995,0,8.8005,0,352,
,FOOD,Cambodian  shrimp Spring Roll,53,258.5,0,6.5,0,265,
,FOOD,Extra Egg,2,1,0,0,0,1,
,FOOD,Chicken Popcorn,42,189,0,0,0,189,
,FOOD,Cauliflower Popcorn,14,49,0,0,0,49,
,FOOD,Steam Rice,13,9.75,0,0,0,9.75,
,FOOD,Cheese Quesadilla,8,30,0,0,0,30,
,FOOD,Raw Mango w. Chilli&Salt,55,135.8741,0,1.6259,0,137.5,
,FOOD,Beef&Cheese Quesadilla,16,80,0,0,0,80,
,FOOD,Fish & Chips,68,332.5,0,7.5,0,340,
,FOOD,Beesf Nachos with Guacamole,26,130,0,0,0,130,
,FOOD,BBQ Beef Skewers,0,0,0,0,0,0,
,FOOD,Spaghetti Bolognese,19,103.675,0,0.825,0,104.5,
,FOOD,BBQ Dry Buffalo,0,0,0,0,0,0,
,FOOD,Khana Teuk pnekខាត់ណាទឹកភ្នែក,23,130.2,0,7.8,0,138,
,FOOD,BBQ Dry Beef,0,0,0,0,0,0,
,FOOD,Pork Fried Rice,0,0,0,0,0,0,
,FOOD,Back Street Mix,0,0,0,0,0,0,
,FOOD,Cha kdao ឆាក្តៅ,11,55,0,0,0,55,
,FOOD,Khmer Noodle,2,1.5,0,0,0,1.5,
,FOOD,Stir Fried Noodles W/Beef&Egg,17,68,0,0,0,68,
,FOOD,Batter-Fried Chicken Cartilage,0,0,0,0,0,0,
,FOOD,Bread extra,0,0,0,0,0,0,
,FOOD,BBQ Beef Skewers,0,0,0,0,0,0,
,FOOD,Pleah SachKoភ្លាសាច់គោ,33,228.8512,0,2.1488,0,231,
,FOOD,Batter-Fried Fish Tacos,13,19.2,0,0.3,0,19.5,
,FOOD,Spicy Chicken Wings,1,5,0,0,0,5,
,FOOD,Jalapeno Poppers,0,0,0,0,0,0,
,FOOD,Vegetarian Fried Rice,12,42,0,0,0,42,
,FOOD,Cheese Burger,44,197.1,0,0.9,0,198,
,FOOD,COULD Cut,0,0,0,0,0,0,
,FOOD,Bean Salad,0,0,0,0,0,0,
,FOOD,Cripy Chicken Burgers,18,80.3234,0,0.6766,0,81,
,FOOD,WonTon in Chilli oil,0,0,0,0,0,0,
,FOOD,Tuna sandwich,0,0,0,0,0,0,
,FOOD,Crispy Chicken Burger,4,15.75,0,2.25,0,18,
,FOOD,Loaded Nachors,21,115.5,0,0,0,115.5,
,FOOD,Cheese Burger,6,29,0,0,0,29,
,FOOD,Glazed Spicy Wing,4,20,0,0,0,20,
,FOOD,Hamburger,9,49.5,0,0,0,49.5,
,FOOD,Fried calamari,20,99,0,1,0,100,
,FOOD,Criscy Corn,39,110.1,0,6.9,0,117,
,FOOD,Sesame Beef,22,108.5,0,1.5,0,110,
,FOOD,Onion Rings,11,48.15,0,1.35,0,49.5,
,FOOD,Cambodian pork spring Rolls,2,8.5186,0,0.4814,0,9,
,FOOD,Vegan Rainbow Spring Rolls,9,36,0,0,0,36,
,FOOD,Salmon spring Rolls,5,30,0,0,0,30,
,FOOD,Buffalo Wings,19,84.825,0,0.675,0,85.5,
,FOOD,Parmesan chicken Spring Rolls,25,112.5,0,0,0,112.5,
,FOOD,French Fries -small,224,669.2983,0,2.7017,0,672,
,FOOD,French Fries-Large,74,368,0,2,0,370,
,FOOD,Chicken Tenders,19,90.25,0,0,0,90.25,
,FOOD,Extra Crab,2,4,0,0,0,4,
,Shakes & Frozens,Mix Fruit Shake,0,0,0,0,0,0,3.5
,Shakes & Frozens,Mix Fruit Smoothie,0,0,0,0,0,0,
,Shakes & Frozens,Dragon Fruit Shake,0,0,0,0,0,0,
,Shakes & Frozens,Passion Fruit Shake,0,0,0,0,0,0,
,Shakes & Frozens,Pineapple Shake,0,0,0,0,0,0,
,Shakes & Frozens,Watermelon Shake,0,0,0,0,0,0,
,Shakes & Frozens,Banana Shake,0,0,0,0,0,0,
,Shakes & Frozens,Mango Shake,0,0,0,0,0,0,
,Shakes & Frozens,Apple Shake,0,0,0,0,0,0,
,Shakes & Frozens,Orange Shake,1,3.5,0,0,0,3.5,
,Cigarettes,Mevius Sky Blue,11,33,0,0,0,33,320.25
,Cigarettes,Mevius Original,26,78,0,0,0,78,
,Cigarettes,Marlboro Light,14,35,0,0,0,35,
,Cigarettes,Marlboro Red,9,22.5,0,0,0,22.5,
,Cigarettes,Esse Light,0,0,0,0,0,0,
,Cigarettes,Esse Change,8,14.8,0.8,0.4,0,16,
,Cigarettes,Lighter,27,19.75,0,0.5,0,20.25,
,Cigarettes,MEVIUS kivami,0,0,0,0,0,0,
,Cigarettes,MEVIUS Winston,30,60,0,0,0,60,
,Cigarettes,MEVIUS midnight Chill,3,7.5,0,0,0,7.5,
,Cigarettes,Winston option Purple,1,2,0,0,0,2,
,Cigarettes,Esse Orange,19,38,0,0,0,38,
,Cigarettes,MEVIUS Orange,1,2,0,0,0,2,
,Cigarettes,Winston option Blue,3,6,0,0,0,6,
,Burgers & Wraps,Back Street's Wet Burger,0,0,0,0,0,0,0
,Burgers & Wraps,Thai Chicken Burger,0,0,0,0,0,0,
,Burgers & Wraps,BS' Beef Burger,0,0,0,0,0,0,
,Burgers & Wraps,Caesar Wrap,0,0,0,0,0,0,
,Burgers & Wraps,Tofu Veggie Wrap,0,0,0,0,0,0,
,Out Of Menu,Fruit Cake,0,0,0,0,0,0,0
,Out Of Menu,Fruit plate,0,0,0,0,0,0,
,Total Quantity / Sales,,11529,35663.3977,298.95,1240.4023,4611,37202.75,37202.75
,Total Quantity / Sales,,,,,,,,
,Modifier Sales Report,,,,,,,,
,Modifier Group,Modifier Name,Dec 2025,Price,Discount,Bill Discount,Cost,Total Sales,Group Total
,Sides,Extra Onion,0,0,0,0,0,0,0.5
,Sides,Extra Cheddar Cheese,0,0,0,0,0,0,
,Sides,Extra Pepperoni,0,0,0,0,0,0,
,Sides,No Pickles,0,0,0,0,0,0,
,Sides,Extra Mushroom,0,0,0,0,0,0,
,Sides,Extra Smoked Eggplant,0,0,0,0,0,0,
,Sides,Extra Tomato,0,0,0,0,0,0,
,Sides,Extra Pickles,0,0,0,0,0,0,
,Sides,Extra Caramelized Onion,0,0,0,0,0,0,
,Sides,Extra Mayonaise,0,0,0,0,0,0,
,Sides,Extra Tobasco,0,0,0,0,0,0,
,Sides,Extra Carrot Tarator,0,0,0,0,0,0,
,Sides,Extra Hummus,0,0,0,0,0,0,
,Sides,Extra Fresh Chilli,0,0,0,0,0,0,
,Sides,No Tomato,0,0,0,0,0,0,
,Sides,No Onion,0,0,0,0,0,0,
,Sides,No Sauce,0,0,0,0,0,0,
,Sides,No Cheese,0,0,0,0,0,0,
,Sides,No Mushroom,0,0,0,0,0,0,
,Sides,Extra Egg,1,0.5,0,0,0.5,0.5,
,Pizza Extras,Extra Onion,0,0,0,0,0,0,9
,Pizza Extras,Extra Cheddar Cheese,1,2,0,0,0,2,
,Pizza Extras,Extra Pepperoni,3,6,0,0,0,6,
,Pizza Extras,Extra Mushroom,1,1,0,0,0,1,
,Pizza Extras,Extra Zucchini,0,0,0,0,0,0,
,Pizza Extras,Extra Smoked Eggplant,0,0,0,0,0,0,
,Pizza Extras,Extra Tomato,0,0,0,0,0,0,
,Pizza Extras,Extra Caramelized Onion,0,0,0,0,0,0,
,Pizza Extras,Extra Fresh Chilli,0,0,0,0,0,0,
,Pizza Extras,Extra Spinach,0,0,0,0,0,0,
,Pizza Extras,Extra Feta Cheese,0,0,0,0,0,0,
,Pizza Extras,No Tomato,0,0,0,0,0,0,
,Pizza Extras,No Onion,0,0,0,0,0,0,
,Pizza Extras,No Cheese,0,0,0,0,0,0,
,Pizza Extras,No Tomato Sauce,0,0,0,0,0,0,
,Pizza Extras,No Squid,0,0,0,0,0,0,
,Pizza Extras,No Mushroom,0,0,0,0,0,0,
,Extra Drinks,Extra Tonic,246,122,0,1,0,123,308.5
,Extra Drinks,Extra Soda,43,20.5,0,1,0,21.5,
,Extra Drinks,Extra Redbull,105,52,0,0.5,0,52.5,
,Extra Drinks,Extra Ginger Ale,9,4.25,0,0.25,0,4.5,
,Extra Drinks,Extra Coke,162,77.3325,1,2.6675,0,81,
,Extra Drinks,Extra Sprite,6,3,0,0,0,3,
,Extra Drinks,Extra Orange Juice,0,0,0,0,0,0,
,Extra Drinks,Extra Pineapple Juice,4,2,0,0,0,2,
,Extra Drinks,Extra Apple Juice,4,2,0,0,0,2,
,Extra Drinks,Extra Cranberry Juice,35,13.75,0,3.75,0,17.5,
,Extra Drinks,Extra Coke Light,3,1.5,0,0,0,1.5,
,Total Quantity / Sales,,623,307.8325,1,9.1675,0.5,318,318
,Total Quantity / Sales,,,,,,,,
,Open Item Sales Report,,,,,,,,
,Open Item,Open Item Name,Dec 2025,Price,Discount,Bill Discount,Cost,Total Sales,
,Open Group,Pleah Sachko ភ្លាសាច់គោ,1,5,0,0,0,5,
,Open Group,Change beer,2,8,0,0,0,8,
,Open Group,Cosmotital,1,5,0,0,0,5,
,Open Group,Cosmopolitan,1,5,0,0,0,5,
,Open Group,Cosmopolitan,1,5,0,0,0,5,
,Open Group,Cambodia light bottle,2,6,0,0,0,6,
,Open Group,Extra redbull,1,0.5,0,0,0,0.5,
,Open Group,Passion margarita jug,1,7.5,0,7.5,0,15,
,Open Group,Salmon,1,5,0,0,0,5,
,Open Group,Cambodia Light,8,24,0,0,0,24,
,Open Group,Fruit cake,1,4.25,0,0.75,0,5,
,Open Group,Mevuis option blue,1,2,0,0,0,2,
,Open Group,Passion margarita jug,1,20,0,5,0,25,
,Open Group,Cake fruit,1,12,0,3,0,15,
,Open Group,Cambodia. Light,5,15,0,0,0,15,
,Open Group,Cambodia light,1,3,0,0,0,3,
,Open Group,Martini cocktail jug,1,30,0,0,0,30,
,Open Group,Fresh Salmon,1,9,0,1,0,10,
,Open Group,Vegetable,1,1,0,0,0,1,
,Open Group,Extra beef,1,5,0,0,0,5,
,Open Group,Extra salmon,1,2.4995,0,2.5005,0,5,
,Open Group,Extra tonic,1,1,0,0,0,1,
,Open Group,Extra tonic,1,0.5,0,0,0,0.5,
,Total Quantity / Sales,,36,176.2495,0,19.7505,0,196,